Sarcopenia,age,sex,DailyCaloricIntake,ChronicDiseasesCount,Polypharmacy,rs957602,rs896409,rs848786,rs330216,rs559787,rs273653,rs318992,rs420294,rs120431,rs644945
0,74,0,2553.93,2,1,0,0,0,1,0,0,0,0,0,1
0,82,1,1138.91,3,0,1,1,0,0,0,1,1,0,0,1
0,57,1,2169.54,3,1,0,0,1,0,0,0,0,0,0,1
0,73,0,2308.56,1,0,0,0,0,1,0,0,0,0,1,0
1,65,0,1530.58,2,0,0,1,0,1,0,0,0,0,0,0
1,69,0,1928.32,0,1,1,0,0,0,1,1,1,2,1,1
0,64,1,2686.08,4,0,0,0,1,1,1,2,0,0,0,0
0,71,1,2016.32,6,1,1,0,1,0,1,0,1,0,0,0
0,75,0,1655.29,3,0,0,0,0,0,0,1,1,1,0,0
1,68,1,2264.05,2,0,0,0,0,0,0,2,0,0,0,0
0,65,0,1797.01,4,0,0,0,0,0,0,0,0,1,0,2
0,64,0,1389.44,1,0,0,0,1,0,1,0,1,0,0,1
1,66,1,1896.65,1,1,0,0,0,0,0,0,0,0,0,0
0,77,1,2210.64,1,1,0,0,0,1,0,1,0,0,1,0
0,70,0,2717.42,3,0,0,0,0,0,0,0,0,1,2,0
0,70,1,2262.79,1,0,0,0,0,0,0,0,0,1,0,0
1,76,1,1558.46,0,0,1,0,1,2,1,0,1,1,0,0
1,63,0,2403.79,2,1,0,1,0,1,0,0,1,2,1,0
0,65,1,1607.35,0,0,0,0,2,0,0,1,0,1,0,2
1,86,1,1746.6,6,0,0,2,0,1,0,0,1,0,0,1
1,66,1,2254.69,1,0,1,1,0,2,0,0,1,0,1,2
0,58,0,2713.38,1,0,1,0,0,1,1,0,1,0,1,1
1,77,0,2294.82,0,0,0,1,0,0,0,1,1,0,2,1
0,68,0,2025.77,1,0,0,2,0,0,0,1,0,0,1,0
0,63,1,2894.77,2,0,1,0,0,2,0,0,1,1,1,0
0,74,0,1357.4,1,0,0,0,2,0,0,1,0,0,0,0
0,78,0,3044.8,0,0,1,0,1,1,0,1,0,1,0,0
0,73,1,1690.53,1,0,0,2,0,1,0,0,2,1,1,0
0,91,1,1519.8,2,0,1,1,2,0,0,0,2,0,0,0
0,83,0,1784.76,2,0,1,0,0,0,0,1,1,1,0,0
1,75,1,1108.15,3,1,0,1,0,0,0,0,0,1,1,0
0,56,0,1117.68,2,0,0,1,0,0,0,0,2,0,2,0
1,80,1,2334.56,0,0,1,1,0,0,0,0,0,0,1,1
0,53,1,1919.22,2,1,0,0,0,0,0,1,1,1,1,1
0,71,1,2229.24,0,0,1,1,0,2,0,0,1,0,0,0
1,56,0,2190.13,3,0,0,1,0,0,0,0,1,0,0,1
0,59,1,1422.18,4,0,0,1,0,1,1,0,1,0,0,0
0,62,1,1390.9,4,0,0,0,1,0,1,0,0,1,0,1
1,59,0,1664.42,2,0,2,2,1,0,0,0,2,0,1,0
0,70,1,1850.58,6,1,0,1,0,1,0,0,0,0,0,0
0,88,1,1611.75,2,0,0,0,0,1,1,1,1,0,0,0
1,71,1,2464.75,1,1,0,0,1,1,0,0,0,0,0,0
1,85,0,1713.53,2,1,0,0,1,1,0,0,0,0,1,0
1,74,1,1538.11,6,1,0,2,0,0,1,0,0,0,0,0
0,65,1,1988.55,1,0,0,0,0,2,0,0,0,0,0,1
0,80,1,3155.73,1,0,0,0,2,0,1,0,0,0,0,1
1,71,0,2867.23,1,0,1,0,0,1,0,0,0,1,0,0
1,69,1,2694.09,2,0,0,0,1,0,0,0,1,0,0,0
0,50,0,1370.95,4,0,0,1,1,0,0,0,0,1,0,0
0,80,1,1730.77,2,1,0,0,0,0,0,0,0,0,0,0
0,89,0,2348.98,0,1,0,1,1,2,0,0,0,0,1,0
0,73,1,1783.03,3,0,1,0,0,0,0,0,1,0,0,0
1,66,0,1983.92,1,0,0,1,1,1,0,0,0,0,0,0
1,56,0,1964.67,2,0,0,0,0,0,1,0,0,1,1,1
0,88,0,2471.8,3,0,0,2,0,0,1,0,0,0,1,1
0,74,0,2213.66,4,0,1,0,0,0,0,0,0,0,0,0
0,71,0,2372.0,1,1,0,0,0,1,1,0,0,0,0,0
0,81,0,1970.09,1,0,0,0,0,0,0,1,0,0,0,1
0,76,1,2334.35,2,0,0,0,0,1,0,0,0,0,0,2
0,80,1,1531.29,3,1,0,1,0,0,0,0,1,1,0,0
0,68,0,1607.34,0,0,0,0,1,1,0,0,2,1,0,0
1,71,0,1913.12,1,1,1,0,0,1,0,0,0,0,0,0
1,76,1,2182.64,0,0,0,1,2,1,0,0,0,0,2,2
0,61,0,2780.06,3,0,0,0,0,0,0,0,0,1,0,0
0,69,0,2534.13,4,1,0,1,0,0,0,1,0,0,1,2
1,68,0,1627.55,3,1,0,0,0,0,0,1,1,0,1,0
1,67,1,2532.28,1,0,1,0,1,1,0,0,0,1,1,1
0,69,1,1884.8,1,1,0,0,1,1,0,0,0,0,0,1
0,65,1,2548.88,0,1,0,0,1,1,0,0,2,1,0,1
1,50,0,1379.25,3,1,1,0,0,0,0,0,0,1,0,0
1,60,1,2527.07,3,0,2,0,1,0,0,0,0,0,2,0
1,66,1,2013.06,4,0,0,0,0,1,0,0,0,0,0,1
0,52,0,1383.91,1,0,1,0,0,1,0,1,0,0,0,0
0,72,0,2022.99,2,0,0,0,0,1,1,0,0,0,0,0
1,78,0,1939.31,0,1,0,0,0,0,0,1,1,0,1,0
0,75,1,1943.21,0,0,0,0,0,0,1,0,0,1,0,1
1,78,0,3029.28,5,0,0,0,0,0,0,1,1,0,0,0
0,77,1,1959.99,5,1,1,1,2,0,0,1,0,0,0,0
1,73,1,2659.35,2,0,0,0,1,0,0,0,0,1,0,0
1,37,0,2490.02,1,0,0,0,2,0,0,0,0,0,0,1
1,55,1,1993.07,0,0,1,0,0,1,0,0,2,0,0,0
1,75,0,2503.9,3,0,0,0,0,0,0,0,0,0,2,0
0,77,0,2593.68,1,0,0,2,0,0,1,2,0,1,2,1
1,67,0,2003.2,1,0,0,1,1,1,2,0,0,0,0,2
0,61,1,2012.76,2,0,0,0,0,0,1,0,2,0,0,0
1,83,0,2580.17,4,0,0,0,1,0,0,1,0,0,0,0
1,76,0,2012.14,1,0,1,1,0,0,0,0,0,0,1,0
0,78,0,2329.43,4,1,1,0,1,0,0,0,1,0,0,1
1,89,1,3097.82,1,0,0,0,0,0,0,0,0,0,0,1
1,65,1,2231.24,4,0,0,0,0,2,0,0,0,0,1,0
1,68,1,2650.74,2,1,1,0,0,0,0,0,0,0,0,1
1,68,1,2463.39,4,0,0,0,0,0,0,1,0,0,0,0
1,87,0,2168.06,1,0,0,1,0,0,1,2,0,1,0,2
1,83,0,2278.09,4,0,0,0,0,0,1,0,0,0,0,0
0,54,1,1730.18,2,0,0,0,0,0,0,0,0,1,0,1
0,64,0,2355.73,1,0,0,0,0,0,0,0,1,0,0,1
1,63,0,1968.99,2,0,0,0,0,0,0,0,0,0,0,0
0,67,0,2058.6,3,1,0,0,0,1,1,0,1,0,0,0
1,66,0,2187.58,4,1,0,1,1,0,1,0,1,2,1,0
0,83,0,2319.49,2,0,0,0,0,0,0,2,2,1,0,1
0,77,1,1638.34,2,1,0,0,0,1,1,1,1,1,0,0
0,68,0,1924.57,3,0,1,1,1,0,0,0,0,0,2,1
0,45,1,2696.67,1,0,0,0,1,0,1,0,0,0,1,0
0,60,0,1757.61,1,0,0,0,0,0,1,0,1,0,0,0
0,52,0,1962.79,1,0,0,0,1,0,1,0,0,1,0,0
0,66,0,1517.23,0,0,0,1,0,0,0,2,0,0,0,1
1,68,1,1634.81,0,0,0,0,0,0,0,0,1,1,0,0
0,69,1,1499.63,2,0,0,0,1,1,0,0,1,0,0,0
0,78,1,2411.35,4,1,0,0,0,0,0,1,0,0,0,0
1,59,1,1849.13,1,0,0,0,0,1,1,0,2,0,0,2
1,81,0,1997.26,2,1,1,0,0,0,0,0,0,0,0,0
1,70,0,2462.46,3,0,1,0,1,0,0,0,1,0,0,0
0,67,0,1967.35,1,0,1,1,0,0,0,0,0,1,1,0
0,71,1,2415.1,0,0,0,0,1,0,1,0,0,0,1,0
0,53,1,2470.79,2,0,0,0,0,1,0,1,0,0,0,2
1,63,1,2274.42,1,0,0,1,1,0,0,1,0,0,0,0
0,74,1,1723.45,1,0,0,0,0,0,1,0,0,0,0,0
0,56,1,2566.31,4,0,0,0,0,1,0,1,0,0,0,0
1,75,0,1929.95,2,0,1,2,0,0,0,0,0,0,0,0
0,83,0,2144.73,0,0,0,0,0,0,0,0,0,2,1,1
1,68,0,1294.47,1,0,0,2,0,1,1,0,0,0,0,0
1,86,1,2547.29,1,1,0,0,0,0,0,0,0,0,1,0
0,54,0,3009.47,1,0,0,0,0,1,0,2,0,1,0,0
1,67,1,1621.43,1,1,0,1,0,0,0,1,0,0,1,1
0,85,0,2100.51,1,0,0,0,1,0,0,0,0,1,0,0
1,91,1,2602.32,2,0,0,0,1,0,1,1,0,0,0,0
1,61,1,1633.06,2,0,1,0,1,0,1,0,0,0,0,1
0,74,1,2361.93,4,0,0,0,0,0,1,2,0,0,0,1
1,65,0,2052.72,4,0,0,0,0,0,0,0,0,0,1,1
1,64,1,1623.55,1,1,0,0,1,1,0,0,0,0,1,0
1,65,1,1966.05,2,1,0,0,0,1,0,0,1,1,1,0
1,64,1,1395.22,2,0,0,1,0,0,2,1,1,0,1,0
1,64,1,3036.64,5,0,0,1,0,0,2,1,0,0,0,1
0,71,0,1136.04,2,0,0,0,0,1,0,1,2,0,1,0
1,62,0,1797.47,5,0,1,0,1,0,2,1,0,0,0,1
0,54,1,2089.34,0,0,1,1,2,0,1,1,1,1,0,0
0,76,1,1668.36,1,0,1,0,0,0,0,1,1,1,0,0
1,79,1,1492.64,3,0,0,0,1,0,0,0,1,0,0,1
1,53,0,2221.78,0,1,0,0,1,0,0,0,0,2,0,0
0,72,0,2494.27,4,0,1,1,1,0,0,0,0,0,0,0
1,86,1,1978.1,3,0,0,0,0,1,0,1,2,0,0,0
0,64,0,2734.5,0,0,1,0,0,0,0,0,0,0,1,1
0,37,0,1930.65,3,0,1,0,1,0,1,0,0,0,1,1
1,68,1,2310.15,0,1,0,0,0,0,0,1,1,0,0,1
1,61,1,2248.15,1,0,0,0,1,1,0,1,0,0,0,0
0,55,1,1628.03,1,0,0,0,2,0,0,2,1,2,0,1
1,62,1,3012.78,2,0,0,0,0,1,0,0,1,0,0,1
1,70,1,1850.39,1,0,0,0,0,0,1,0,2,1,0,1
1,60,1,2414.25,1,0,0,0,0,2,0,0,0,0,1,1
0,75,1,1645.44,0,0,0,1,0,1,0,1,0,0,0,0
1,62,0,1661.67,2,0,0,0,0,0,1,1,0,0,1,1
1,81,1,3130.59,0,0,0,0,1,0,0,0,1,0,1,0
1,61,0,1835.39,1,0,0,1,1,0,0,0,0,0,0,1
1,88,1,2325.94,1,0,0,0,0,0,0,1,0,0,1,0
0,73,0,1538.73,2,0,0,0,1,0,0,1,0,0,0,1
0,66,0,2019.78,1,0,0,0,0,0,0,0,1,0,0,0
1,62,0,1763.02,0,1,1,0,2,0,0,0,0,0,0,0
1,80,1,2868.6,1,0,0,0,0,0,1,0,0,0,0,1
0,90,0,1896.99,2,0,0,0,1,0,0,0,1,0,1,0
0,68,1,2699.44,0,1,1,1,1,0,0,1,0,0,0,0
1,67,0,1722.98,3,0,1,1,2,0,0,1,0,0,0,0
1,79,1,1882.25,2,0,0,0,1,0,0,0,1,0,0,0
1,64,0,1828.48,1,1,1,0,0,0,0,1,2,0,0,0
0,64,1,1570.56,5,0,1,1,0,0,1,0,1,0,0,0
0,85,0,1778.95,2,1,1,1,0,0,1,0,1,0,0,2
1,64,0,1628.59,4,0,1,0,1,1,1,0,0,0,1,0
1,71,1,2510.25,1,0,1,0,0,0,1,0,2,1,0,0
0,70,0,1925.71,4,0,0,0,1,0,0,0,1,1,1,0
1,81,1,2326.87,0,1,0,0,1,1,0,0,1,0,1,0
0,67,0,2094.13,1,0,1,1,0,0,0,0,0,0,1,0
0,77,0,2531.64,3,0,0,0,0,0,0,0,0,0,1,1
1,82,1,1217.69,1,1,2,1,0,0,1,0,1,1,1,0
0,72,0,2901.44,3,1,0,1,1,1,0,0,0,0,0,0
1,71,1,2449.7,2,1,0,2,2,0,0,0,0,1,1,1
1,52,0,1552.3,1,1,0,0,0,0,1,0,0,0,1,0
1,73,1,1120.35,0,0,2,0,0,1,0,0,0,0,0,0
0,93,1,2793.2,2,1,0,1,0,1,0,0,0,1,1,0
0,64,1,1851.59,5,0,0,1,1,0,0,0,1,0,0,0
0,60,0,2574.37,1,0,0,1,0,1,0,0,0,0,1,0
0,67,0,2670.03,4,0,1,0,0,0,1,0,0,0,0,0
1,74,0,2288.83,2,0,0,1,0,0,0,1,0,0,1,0
1,57,1,1800.67,1,0,2,0,1,0,1,0,1,1,1,0
0,65,0,1337.7,2,0,0,2,0,1,1,1,0,0,0,0
1,83,1,1699.38,5,0,0,0,1,1,0,0,0,1,1,0
0,74,1,1681.59,2,1,0,0,0,0,1,0,1,0,0,0
0,85,1,1636.05,3,1,0,0,0,0,1,0,0,0,1,1
1,67,1,2496.9,3,0,0,0,2,0,1,0,0,0,0,0
0,81,1,2603.18,3,0,1,0,2,1,0,0,0,0,0,0
1,77,0,1670.95,4,0,0,0,1,0,0,0,1,0,0,0
1,86,1,2141.66,4,1,0,0,0,0,0,0,1,1,2,0
0,61,0,1562.53,1,0,0,0,1,0,0,0,0,1,1,2
0,53,1,2220.28,4,0,1,0,0,0,0,1,1,1,0,1
0,68,0,2512.69,1,1,0,0,1,0,1,1,0,0,0,0
1,66,1,2022.41,2,0,0,1,0,0,1,1,1,0,1,0
1,67,1,2166.38,1,1,0,0,2,0,0,0,1,1,0,1
1,70,0,3064.36,1,0,0,1,0,0,1,0,1,0,0,0
0,79,0,2247.09,3,1,1,1,0,1,0,0,0,0,0,0
0,89,1,1686.73,5,0,2,1,0,2,0,1,0,2,2,1
0,69,1,1749.97,2,0,0,0,0,1,0,1,0,0,0,1
0,87,1,1060.01,1,0,0,0,0,2,0,0,2,0,0,1
0,76,0,2192.98,3,0,0,1,0,0,1,0,0,0,0,0
1,82,1,1522.11,1,0,0,1,0,0,0,0,0,0,0,0
1,80,0,922.79,0,1,0,0,2,0,1,0,2,0,0,0
0,62,1,1902.92,1,0,1,0,0,1,0,1,0,0,0,0
1,66,0,2015.64,1,0,1,0,0,0,0,0,0,0,0,0
1,54,0,2032.42,1,0,0,1,0,0,0,0,0,0,1,0
0,68,1,2219.35,0,0,1,0,1,0,0,0,0,1,2,0
0,85,0,2147.48,1,0,0,1,0,0,0,2,0,0,0,1
1,77,0,2542.56,0,0,0,0,0,0,1,1,1,0,0,0
1,66,1,1783.97,4,0,0,1,0,1,0,1,1,0,1,0
0,69,1,1800.48,3,0,0,1,1,0,1,0,0,2,0,1
1,79,1,1484.93,1,0,0,0,1,0,0,0,1,0,0,1
0,63,1,2262.5,3,1,0,0,0,1,0,0,0,0,0,1
0,83,0,1908.65,2,0,0,0,0,0,0,1,0,1,2,1
0,83,0,2626.28,3,0,0,0,1,0,0,0,0,1,0,0
1,48,0,2023.83,0,0,0,0,0,0,0,0,1,1,1,0
0,72,1,1756.37,1,1,0,0,1,1,0,0,1,0,0,0
1,74,1,1965.33,2,0,0,0,1,0,0,0,2,0,0,0
0,72,1,1713.65,5,0,0,0,0,0,1,0,0,0,0,0
1,75,1,2335.32,1,0,0,0,0,1,1,0,1,0,1,0
1,72,1,1469.8,1,0,0,0,0,1,0,1,2,0,1,1
1,70,0,2101.38,3,1,0,1,0,0,0,1,0,0,0,0
1,75,0,2596.66,4,0,1,2,1,0,0,0,0,0,0,1
0,64,0,3460.94,1,0,0,1,0,0,2,0,1,1,0,0
0,70,0,2011.67,5,1,0,1,1,1,2,0,0,0,0,0
0,71,1,1933.75,2,0,1,0,1,0,1,0,0,0,0,0
0,69,1,2601.24,4,0,0,0,0,1,0,0,1,0,0,0
1,78,0,1269.41,2,1,1,0,0,0,0,1,0,0,0,0
1,77,0,1909.28,0,0,0,0,0,1,1,1,0,0,1,0
1,73,0,1959.87,4,1,1,1,1,1,0,1,0,0,0,0
0,73,0,2252.5,1,0,1,0,0,0,0,1,0,1,1,1
0,70,0,2195.32,2,0,0,0,0,1,1,0,1,0,0,0
0,79,0,2712.17,3,0,1,0,0,0,1,0,2,2,0,0
1,85,0,2279.79,1,1,1,1,0,0,0,0,0,0,0,2
0,51,0,1832.11,0,0,0,0,0,0,0,2,0,0,0,0
0,72,0,2258.58,2,0,1,0,0,1,0,0,1,1,0,2
1,58,0,1749.08,4,0,1,0,0,1,0,0,0,0,0,0
1,81,1,2028.08,1,0,0,0,1,1,0,2,1,0,0,0
0,57,1,1577.86,2,0,0,1,0,0,0,0,1,0,0,1
1,59,0,830.44,1,1,1,0,0,0,0,1,1,2,2,1
0,81,1,1701.27,3,0,0,0,0,0,0,1,1,0,0,1
0,68,1,1913.69,1,0,0,0,0,0,1,0,1,0,0,0
0,72,1,1437.72,1,0,0,0,2,1,0,0,1,1,0,2
1,81,1,1700.3,1,1,0,0,0,0,0,1,0,0,0,0
0,83,0,1835.42,1,0,0,0,0,0,0,1,0,0,1,0
0,99,1,1997.13,2,0,0,0,0,1,0,0,0,1,0,0
1,64,0,2058.28,2,0,0,1,0,0,0,0,0,2,0,0
1,69,0,1939.41,3,1,1,0,1,1,1,0,0,0,0,0
1,63,0,1846.17,2,1,0,0,1,0,2,0,0,1,0,0
0,90,0,1967.4,1,1,0,1,0,1,1,0,0,1,0,0
1,65,0,2653.76,1,0,1,0,0,0,0,1,1,0,0,1
1,70,1,2055.08,1,1,0,0,0,0,0,1,1,0,0,0
1,69,0,1387.58,2,0,1,0,1,0,0,0,0,0,0,1
1,74,0,1249.05,0,1,0,0,0,0,1,1,0,0,0,1
1,85,1,2485.04,3,1,0,0,1,0,0,0,0,1,0,2
1,68,0,2310.18,7,1,0,1,1,0,1,1,1,0,0,0
1,61,1,1802.54,2,0,0,0,0,0,1,2,0,1,0,0
1,73,0,2498.09,2,0,0,0,0,1,1,0,1,0,0,1
0,76,0,1220.36,1,1,0,2,0,0,1,0,0,0,1,0
0,70,1,1940.84,1,0,1,0,1,2,0,0,1,0,0,0
1,83,1,1735.56,2,0,1,1,0,0,0,1,0,0,0,0
0,56,0,2205.84,2,0,0,0,0,0,1,0,0,0,0,0
1,79,1,2926.97,2,0,1,0,0,0,0,2,0,1,0,1
0,71,1,2242.16,3,1,0,1,1,1,0,0,0,1,0,2
1,77,1,3306.53,3,0,0,1,0,2,0,0,0,0,0,0
0,67,1,1925.75,2,0,0,0,0,0,0,1,0,1,0,1
0,78,0,2770.88,4,0,2,0,0,0,0,0,0,0,1,0
0,70,0,2374.46,0,1,0,0,0,0,0,0,0,0,0,0
0,58,1,1683.47,3,0,1,1,0,1,0,0,0,1,0,0
1,61,1,1504.58,2,1,0,0,0,0,0,0,0,0,0,0
1,75,0,1669.25,2,0,0,0,0,0,0,2,0,0,1,0
1,84,0,1768.58,3,0,0,1,0,0,2,0,0,1,2,0
1,53,0,2542.31,1,1,1,0,0,0,0,0,1,1,0,1
1,82,1,2212.78,3,0,1,0,0,1,1,1,0,0,1,0
0,68,1,2271.54,3,0,0,0,0,0,0,0,0,0,1,0
0,79,1,2736.68,2,0,0,0,0,0,0,1,0,0,0,0
1,60,1,2307.99,2,0,0,0,1,0,0,1,1,0,1,0
0,77,0,1418.8,3,0,1,0,0,0,0,0,0,0,0,1
0,56,1,1960.94,1,0,0,0,0,0,2,1,0,0,0,0
1,78,0,1285.25,3,0,0,0,1,0,1,1,0,0,0,1
1,66,1,1196.32,2,0,1,0,0,1,0,1,0,1,0,0
0,48,1,1287.28,0,0,0,0,0,1,1,1,1,0,2,0
0,56,0,1889.89,2,0,0,1,0,0,0,0,0,1,0,1
1,67,0,1933.57,1,0,0,1,0,2,0,0,1,0,1,0
1,77,0,1725.95,2,0,0,0,1,0,1,0,1,0,0,0
0,74,0,1283.64,1,0,1,0,1,0,0,1,2,0,0,1
0,82,1,1515.91,3,1,0,0,1,0,1,0,0,1,0,0
0,68,0,3256.05,1,0,1,0,0,0,0,0,1,1,0,1
1,65,0,1533.35,0,0,0,1,0,0,2,0,0,0,0,0
1,67,0,2474.66,1,1,0,0,0,0,0,0,0,0,0,1
0,72,1,2641.35,4,0,0,0,0,0,0,0,0,0,0,1
1,68,0,1652.9,2,0,0,0,0,0,0,1,0,0,0,1
1,79,1,2355.42,0,0,0,0,1,1,0,1,0,0,1,1
0,84,1,1365.49,1,0,1,0,0,2,0,0,0,0,0,0
0,66,1,2587.57,2,0,0,0,0,1,0,0,0,2,0,0
1,73,0,2018.64,3,0,0,0,0,1,1,0,0,0,1,0
1,63,0,2412.16,2,1,0,0,0,0,1,0,0,0,0,1
0,48,1,1882.43,3,0,1,1,0,0,0,0,1,0,0,0
0,75,0,2168.73,5,0,1,1,0,1,0,0,2,0,0,1
0,64,0,1757.39,2,1,1,2,1,0,2,2,0,0,0,0
1,62,0,2159.69,2,1,0,0,0,0,0,0,0,0,1,0
0,71,0,2090.46,1,1,0,0,1,0,0,0,0,0,0,0
0,70,0,1655.14,1,0,0,1,0,0,0,2,0,0,0,1
1,64,1,1854.13,2,0,1,1,1,1,0,1,1,0,0,0
0,69,0,1127.83,4,0,1,1,1,1,0,0,0,0,1,1
1,82,0,1654.01,2,0,0,1,0,0,1,0,0,0,0,1
1,70,1,2660.11,3,1,1,0,0,0,1,1,0,0,1,0
0,76,0,1859.36,5,1,0,1,1,0,0,0,2,0,0,2
1,69,0,1531.92,2,1,0,0,0,0,0,0,0,0,0,0
1,83,0,2015.2,2,0,0,0,0,0,1,0,0,0,0,0
1,78,0,1612.89,1,0,1,1,1,1,2,1,0,0,1,0
1,102,0,2775.45,0,0,0,0,0,1,0,0,0,0,0,0
1,71,0,2139.7,1,0,0,1,0,0,0,0,0,1,1,0
1,61,1,2016.75,1,0,0,1,1,0,0,0,0,0,0,1
0,59,0,2338.38,2,0,2,0,2,1,0,1,0,0,1,0
0,75,0,1834.46,1,1,1,0,0,0,0,0,1,0,0,0
1,68,0,2496.89,3,1,0,0,0,2,0,1,0,0,1,0
1,74,0,2502.66,2,1,0,0,0,0,1,0,0,0,0,0
1,73,0,1635.53,6,1,0,0,0,1,1,0,0,1,0,0
1,86,1,2039.71,0,0,0,1,1,0,0,0,0,0,0,0
0,56,1,2810.67,1,1,1,0,0,0,0,0,1,1,0,1
0,76,0,1110.21,0,0,0,0,0,0,1,0,1,0,0,0
1,59,0,2659.65,4,0,0,0,0,0,0,0,0,0,0,0
0,68,1,1923.01,6,0,0,1,0,0,0,1,0,0,0,0
0,65,1,2129.59,3,1,0,0,1,0,1,1,0,0,1,2
0,76,1,3010.82,1,0,0,1,0,0,1,0,0,0,0,1
1,64,1,2068.03,2,0,0,0,0,1,1,1,0,0,0,1
1,67,1,1770.18,3,0,0,0,1,0,1,1,0,0,1,0
1,62,1,1697.67,2,1,1,0,1,0,0,0,0,2,0,0
1,71,0,1356.08,1,0,0,1,1,0,0,0,0,1,0,0
0,66,0,1601.03,1,0,0,0,0,1,1,0,0,0,0,0
1,64,1,2117.64,2,0,0,0,1,0,0,0,0,0,1,0
1,66,1,2288.42,2,0,0,1,1,0,1,0,0,2,0,0
0,80,1,1835.91,3,1,0,0,0,0,0,0,0,1,0,0
1,84,1,2326.93,3,1,1,0,1,2,0,0,0,0,0,0
0,73,0,1809.67,4,1,2,1,0,1,0,0,0,1,0,0
1,57,1,1435.67,1,0,0,1,0,1,1,0,0,0,0,0
0,75,1,1905.81,0,0,0,0,0,0,0,0,0,0,0,0
1,69,0,2307.85,2,0,2,0,1,0,0,1,0,0,1,0
0,70,0,1416.48,2,0,0,0,1,0,0,0,1,0,0,0
0,70,0,2181.33,3,0,1,0,0,0,0,0,1,0,1,0
1,69,0,2350.63,2,0,0,1,0,1,0,0,0,0,1,0
1,75,1,2121.02,3,0,0,0,1,0,1,1,0,1,1,0
1,87,1,2079.18,2,1,0,0,1,1,0,0,0,0,1,1
1,81,1,1008.11,2,0,0,1,0,0,1,1,1,0,1,2
1,88,0,2005.3,0,0,2,1,0,0,0,0,0,0,1,0
1,71,0,1634.62,3,1,0,1,1,0,1,1,0,1,0,0
1,50,1,2049.65,2,1,0,0,0,0,1,0,0,0,1,1
1,61,1,1355.25,2,0,0,0,0,1,0,0,1,0,2,0
0,57,0,1738.45,2,0,1,0,0,0,1,0,1,0,2,0
1,63,0,1886.42,1,0,1,1,0,0,0,0,2,0,0,0
1,74,0,2533.52,3,0,0,0,0,1,1,0,0,0,0,0
1,84,0,2333.71,1,0,0,2,1,0,1,0,0,0,0,0
1,77,1,1638.78,5,0,0,0,0,1,0,1,1,0,0,0
0,71,0,1871.6,3,0,0,0,0,0,0,0,0,0,1,0
0,48,0,1932.22,4,0,1,0,2,0,1,1,0,0,0,0
0,79,0,2396.08,2,1,0,0,0,1,0,0,0,0,0,0
0,68,1,2235.88,7,0,0,0,0,0,1,0,0,0,1,1
1,69,0,2142.93,4,0,2,0,0,0,1,0,0,1,1,0
1,67,0,2610.19,0,1,0,0,1,0,1,0,0,0,0,0
1,61,1,1194.31,2,0,0,0,0,0,0,0,0,0,1,0
0,66,0,1961.94,3,1,0,0,0,2,0,0,2,0,1,1
1,71,0,2276.43,1,1,0,0,1,1,0,0,0,0,0,0
1,65,1,2244.41,1,1,0,0,1,0,0,0,0,1,0,1
0,85,0,2276.52,5,0,1,0,2,0,1,0,0,0,0,1
0,79,0,1932.33,5,0,0,0,0,1,1,1,0,0,0,0
0,67,0,3006.41,1,0,1,0,0,0,0,1,0,1,0,1
0,67,0,1144.12,1,0,1,0,2,2,0,0,0,0,0,1
1,96,0,1721.81,1,1,0,0,0,0,0,0,0,0,0,0
0,54,0,1131.48,0,0,0,0,1,0,0,0,0,0,0,0
0,58,0,2558.41,1,1,0,0,1,0,0,1,2,0,1,0
0,70,1,1958.4,1,0,0,1,1,0,1,0,2,0,2,0
0,81,1,1587.85,1,0,0,0,0,0,0,0,0,0,1,0
0,73,1,1618.34,2,0,0,0,0,1,0,0,2,0,0,0
0,75,0,1609.57,2,1,0,0,1,0,1,0,0,0,0,1
1,72,1,3018.6,3,0,1,0,0,0,1,0,0,0,1,0
1,82,1,1877.18,1,0,0,0,0,0,0,0,0,0,0,0
0,69,0,1525.66,0,1,1,1,0,1,0,1,0,0,1,1
1,56,0,2493.19,1,0,2,0,0,0,0,1,1,1,0,1
0,83,1,1318.98,1,0,1,1,0,0,0,0,1,0,0,0
1,67,0,1985.09,4,1,0,0,0,0,1,0,0,0,0,2
1,56,1,1602.11,0,0,1,0,0,1,0,0,0,0,0,0
0,69,1,2057.14,2,0,0,0,1,0,1,0,0,0,0,1
1,85,1,2357.12,1,0,0,0,0,0,0,0,0,0,0,1
1,83,1,2220.22,4,0,0,0,1,0,0,0,0,0,1,0
1,76,1,1728.69,1,0,0,0,0,1,0,0,0,0,1,0
0,55,1,1908.72,5,0,0,0,0,0,0,1,0,0,1,0
1,61,0,2024.58,5,0,0,0,0,1,0,0,0,0,0,1
1,70,1,1847.4,3,0,1,0,0,1,0,1,0,0,0,0
0,67,1,1769.02,5,0,0,0,1,0,1,2,2,1,0,0
1,64,1,1304.45,1,1,0,0,1,0,0,1,0,0,1,0
0,61,1,2798.89,4,0,0,0,0,0,0,0,0,0,0,1
1,66,0,1972.16,2,0,0,0,1,1,0,0,0,0,0,0
1,64,0,2338.83,2,0,0,0,1,1,0,0,1,1,0,0
0,89,0,2547.96,6,0,0,0,0,0,0,2,1,0,1,1
1,64,1,1873.61,2,0,0,0,0,1,0,0,0,0,0,1
0,63,1,1633.76,0,0,1,0,0,1,0,1,0,0,1,0
1,64,1,1587.82,5,0,0,0,0,2,1,1,1,1,0,1
1,78,1,2756.88,1,1,0,1,0,0,0,0,1,0,1,0
0,69,1,1528.18,3,1,2,1,0,0,1,0,0,0,0,1
0,72,1,2766.0,1,0,0,0,1,0,1,0,0,0,0,0
0,73,0,1094.7,2,0,0,0,1,0,0,1,0,0,0,0
0,81,1,1523.8,1,0,0,1,0,1,0,0,1,0,0,2
0,67,1,1490.14,2,0,0,1,0,1,0,1,0,2,1,1
1,53,0,2119.14,0,0,0,1,1,0,1,1,0,0,0,0
1,73,0,2385.45,5,1,0,1,1,1,0,1,1,0,2,0
1,62,0,2149.53,0,0,0,0,0,0,0,0,0,0,0,0
1,83,0,3020.61,2,0,0,2,0,1,1,2,0,0,1,0
0,55,0,2193.36,4,1,0,0,0,0,0,2,1,1,0,0
1,88,1,2873.83,1,0,0,1,0,0,0,0,0,2,0,1
0,66,0,1652.98,3,0,0,0,1,0,1,1,0,0,0,0
0,84,0,498.88,4,0,0,0,1,0,1,1,2,0,0,0
0,68,1,1985.55,4,1,0,0,0,0,1,0,1,0,0,0
0,66,1,1568.07,2,0,1,0,0,0,0,2,0,0,1,0
1,78,0,2203.43,3,1,0,0,2,0,0,0,0,1,0,1
1,80,1,2051.78,3,0,1,1,0,0,0,0,0,0,0,1
0,65,1,2631.61,0,1,0,1,0,0,0,0,0,0,0,0
0,67,1,1587.31,2,0,0,0,0,0,1,1,0,0,0,0
0,64,1,1298.21,2,0,0,0,0,0,0,0,0,1,0,0
0,78,1,2465.47,1,0,0,1,2,0,0,1,0,0,1,1
1,65,1,1624.61,1,0,0,0,1,1,0,1,0,0,0,1
0,67,0,1456.47,3,0,2,0,0,0,2,0,2,0,1,0
1,66,1,2061.96,1,1,0,0,0,1,1,0,0,0,0,2
1,58,1,1596.66,0,0,0,2,0,0,0,0,2,0,1,1
0,50,0,1879.93,2,0,1,0,0,2,0,0,0,0,0,0
0,79,0,2273.46,0,1,1,0,0,0,0,0,1,0,0,1
1,78,1,1722.59,3,1,0,0,2,0,0,1,0,0,0,0
0,74,1,3518.1,0,0,0,0,1,0,1,0,0,1,2,0
1,91,0,2279.66,4,1,1,0,0,0,1,0,0,0,1,0
0,50,1,1682.31,0,0,2,0,0,0,0,0,0,0,2,0
1,76,0,1998.89,2,0,0,0,0,0,2,0,1,0,0,0
1,68,0,2039.28,4,0,2,0,0,1,1,0,0,0,0,0
0,76,0,1316.63,0,1,0,0,0,1,0,1,0,1,1,0
1,67,0,2330.84,3,0,1,0,0,0,0,0,0,1,0,1
1,83,1,2072.91,2,0,0,0,1,1,1,0,0,1,0,0
0,73,1,1628.6,2,0,1,0,1,0,0,0,0,1,0,1
0,78,1,1261.07,2,0,0,0,0,1,0,0,0,0,0,0
1,68,1,2507.53,1,0,1,0,1,1,0,0,0,0,2,1
1,77,0,1733.66,3,0,0,0,0,1,0,0,0,1,1,0
1,67,0,1588.48,2,1,0,1,0,0,0,0,0,0,0,0
0,60,1,1327.46,1,1,0,0,0,0,1,0,0,0,1,0
0,88,0,1932.59,0,0,0,1,0,0,0,0,0,0,2,0
0,85,1,2776.45,1,0,1,1,0,0,0,0,0,0,0,0
1,60,1,1884.56,2,0,0,0,0,0,1,0,1,0,0,0
1,67,0,1522.58,1,1,0,1,0,0,0,0,0,0,2,0
1,56,1,1908.05,2,0,1,0,0,0,0,0,1,0,0,1
0,71,0,1244.72,3,1,1,0,1,1,2,0,0,0,1,1
0,58,1,1691.11,4,0,0,0,0,1,1,1,1,1,0,1
0,83,1,2774.58,1,0,0,1,0,1,1,1,1,1,0,0
0,58,1,2671.4,1,0,0,0,0,0,0,0,2,1,0,0
1,56,0,1762.8,0,0,0,0,1,0,1,2,0,1,0,0
0,68,0,1999.77,1,0,1,0,1,1,0,0,0,0,0,0
0,58,0,1506.84,3,0,0,1,1,0,0,1,0,0,0,0
1,56,1,1834.43,1,0,1,0,1,1,0,0,2,1,0,0
0,65,0,2784.35,1,0,0,2,0,0,0,0,0,0,1,0
1,81,1,1762.2,5,0,2,0,0,0,0,0,0,0,0,0
1,90,0,2175.1,3,0,0,0,1,0,0,1,0,1,1,2
1,55,0,2264.68,0,0,0,0,1,0,0,0,1,0,0,0
1,72,0,1445.2,0,0,0,0,1,0,0,0,0,0,1,0
0,82,1,940.52,3,0,1,0,1,0,2,0,1,1,0,0
0,81,1,1617.32,1,0,0,1,0,0,0,0,0,2,0,0
0,67,0,1789.47,1,0,1,0,0,0,1,0,0,1,0,0
1,74,0,2024.53,1,0,0,0,0,0,1,1,2,0,0,0
1,42,1,2051.72,4,1,0,0,0,0,0,1,0,0,1,1
1,67,1,1018.37,2,0,0,1,1,0,0,1,0,0,0,0
1,57,1,2355.37,0,1,0,1,0,0,1,1,1,1,1,0
0,58,1,2500.84,0,0,0,0,0,1,0,0,0,0,0,1
1,55,0,2081.82,1,0,0,0,0,1,0,0,1,0,1,1
1,74,0,2167.92,4,0,0,0,0,2,1,0,0,1,0,0
0,54,1,2108.57,4,1,1,2,1,0,0,0,0,0,0,1
0,60,1,2254.21,2,0,1,0,2,2,0,0,0,0,2,1
1,78,1,919.18,1,0,2,0,0,1,1,0,0,2,0,1
0,70,1,1828.84,0,0,1,1,2,0,0,0,0,0,0,0
0,63,0,1564.47,2,1,0,0,0,1,0,0,0,0,1,1
1,62,1,1031.42,3,1,0,0,1,1,0,1,0,0,1,1
0,78,1,2585.74,4,0,0,0,0,0,1,0,2,0,0,1
1,72,0,1224.55,2,0,1,0,0,0,0,0,0,1,1,0
0,69,0,1963.54,2,0,1,0,1,0,0,1,0,0,0,1
0,66,0,2123.94,1,0,0,0,0,0,0,0,0,0,0,0
1,59,1,2009.63,2,1,1,0,1,0,1,0,0,0,0,0
1,62,1,2624.12,0,0,0,0,0,1,1,0,0,0,0,0
1,81,0,2917.81,1,0,1,1,0,1,0,0,0,0,0,0
1,72,0,1911.22,1,1,0,0,1,0,0,0,0,0,0,0
0,63,1,1550.34,2,0,2,1,1,0,0,0,0,0,0,1
0,76,1,1855.96,1,0,0,0,2,1,0,1,1,0,0,1
0,73,0,1101.43,0,0,0,0,1,2,0,0,1,0,1,0
0,74,1,1490.96,1,0,1,0,0,0,0,0,0,0,0,0
0,70,1,2471.19,2,0,0,1,1,2,0,0,0,0,0,0
1,60,1,916.52,1,1,0,1,0,0,2,0,0,0,0,1
1,74,0,2713.48,2,1,0,0,0,0,1,1,0,1,1,0
0,56,0,2831.16,3,0,0,1,0,0,1,0,1,0,0,1
1,63,0,1975.33,1,0,2,0,0,0,1,0,0,0,0,1
0,58,0,2270.56,3,0,0,0,0,1,0,0,0,0,0,1
1,65,0,2267.91,2,1,0,0,0,1,1,0,1,0,1,2
0,87,0,1774.14,3,0,1,0,0,0,0,1,1,0,0,0
1,74,0,1546.75,2,0,0,0,0,0,0,2,2,0,0,2
1,87,0,1489.69,0,0,0,0,0,0,2,0,0,0,0,0
1,66,0,1820.22,0,0,0,0,1,1,0,0,0,0,1,0
1,65,1,2946.95,2,0,0,1,0,2,0,1,0,0,1,0
0,78,0,1445.36,3,0,0,0,0,0,1,1,0,0,0,0
1,72,1,2114.77,2,0,0,0,0,1,0,0,0,1,0,2
1,57,0,1862.71,3,0,0,0,0,0,1,1,0,0,1,0
0,59,1,1133.16,2,1,0,0,0,1,0,0,0,0,0,0
0,64,0,2041.88,1,0,0,0,0,0,0,0,0,0,0,1
0,50,0,2813.79,1,0,0,0,1,0,1,0,1,0,0,1
1,78,0,2143.22,2,0,1,0,1,0,0,0,1,1,0,1
0,90,0,2009.07,1,0,1,0,0,0,0,0,1,1,0,0
1,71,1,1353.09,1,0,2,1,0,0,0,0,0,1,1,0
0,63,1,2340.9,1,1,0,0,0,1,2,0,0,1,0,0
0,64,1,1970.95,2,0,0,1,1,0,0,0,0,0,0,0
1,78,0,1430.16,1,0,0,0,0,0,0,0,0,0,1,0
0,67,1,2056.49,1,1,0,0,0,0,0,1,0,0,0,0
0,60,0,2860.02,1,0,0,0,1,1,2,0,0,0,0,0
1,62,1,2550.01,1,1,0,0,0,1,0,0,1,1,0,0
0,68,0,2130.84,4,0,1,2,0,0,0,0,0,0,1,1
1,63,1,1231.59,3,0,0,0,1,0,0,0,1,0,0,0
1,74,1,2312.36,1,1,0,0,1,2,0,1,1,1,1,0
1,66,0,1819.25,2,0,0,0,2,0,0,0,0,1,0,0
0,82,0,1727.12,2,1,0,1,1,0,1,0,0,0,0,1
0,76,1,2479.97,4,0,0,0,0,0,1,0,1,0,0,0
0,68,1,2030.03,1,0,0,0,1,0,0,2,0,0,0,0
0,93,1,1860.88,2,0,0,0,1,0,0,0,1,0,1,0
1,67,0,2457.99,3,0,1,0,0,1,0,0,0,2,2,1
1,76,0,2492.26,2,0,1,0,0,1,2,2,0,1,0,2
0,72,1,2798.06,2,0,0,1,0,1,0,1,0,0,2,0
0,60,0,2340.02,0,0,1,1,0,0,1,1,0,1,0,0
0,63,0,2593.94,4,0,0,0,0,0,2,0,0,0,0,0
1,61,0,1670.04,2,0,1,0,2,0,0,0,0,0,0,2
0,69,1,2362.97,3,0,1,0,0,0,1,0,1,1,0,1
0,65,1,1586.96,4,0,0,0,0,0,0,0,1,0,0,1
1,66,0,1409.08,4,1,1,0,0,0,0,1,0,0,0,0
0,69,0,1893.11,3,0,1,1,0,0,0,0,1,0,1,0
0,73,0,2451.67,2,1,0,0,0,0,0,1,2,0,0,0
0,61,1,1415.58,0,0,0,0,0,0,1,0,0,1,0,1
1,79,0,2755.77,1,1,0,1,1,1,1,1,0,0,0,0
0,87,0,1170.22,1,0,0,1,1,0,2,0,0,1,0,1
1,60,0,3092.65,0,1,0,0,0,2,0,0,1,0,0,0
1,73,1,2635.84,2,0,0,1,1,0,0,1,0,0,0,1
1,60,1,1827.37,2,1,0,0,0,1,0,0,0,0,0,0
0,51,1,1247.1,3,0,0,0,0,2,0,1,2,1,2,1
0,59,1,2147.52,1,0,0,0,0,0,0,1,0,0,1,0
1,57,1,1992.4,1,0,0,0,1,1,0,0,2,0,0,0
0,79,1,1843.68,1,0,0,1,0,0,0,0,1,0,0,1
1,59,1,2489.83,1,0,0,0,0,0,1,0,1,0,1,0
0,58,0,2420.0,2,1,0,2,0,0,0,1,0,1,0,1
0,73,0,2517.29,5,0,0,1,1,1,0,0,0,2,0,1
1,79,0,2714.63,1,1,0,1,1,0,0,0,0,1,1,0
1,79,1,1814.8,2,0,0,0,0,0,0,0,0,0,0,0
1,76,1,2207.77,2,0,0,0,1,1,0,0,1,0,1,0
1,61,0,1680.39,2,0,1,0,1,0,1,1,0,0,0,0
1,72,1,2360.51,2,1,0,0,0,0,0,1,0,0,0,0
0,77,1,2602.99,2,0,0,0,0,0,0,0,1,0,0,0
1,65,0,1451.32,1,0,0,1,0,0,0,0,0,0,1,0
0,63,1,1978.62,1,1,0,0,0,0,0,2,2,0,1,0
1,87,0,2299.52,3,0,2,0,0,0,0,0,0,0,0,0
0,61,0,1872.8,2,1,1,0,0,0,0,0,0,0,0,1
0,68,0,1947.97,1,0,0,0,0,1,0,1,1,0,0,1
1,65,0,2265.04,1,0,0,0,1,0,0,0,0,0,0,0
1,71,1,1831.39,1,0,0,0,0,0,0,0,0,1,0,0
1,61,0,1480.33,1,1,1,0,0,0,1,1,0,0,0,0
1,54,1,1190.2,2,0,0,0,1,0,0,0,0,1,1,0
1,59,1,2364.27,2,0,1,0,0,1,1,1,0,0,0,1
0,98,0,1621.08,1,0,0,1,1,0,0,0,0,0,0,1
0,94,1,2005.26,0,0,0,0,0,0,1,1,0,0,0,1
0,67,0,1415.07,0,0,1,0,0,1,0,0,0,0,1,1
0,57,0,1668.24,1,0,1,1,1,0,1,0,2,0,1,0
0,50,0,1912.2,2,0,1,1,0,1,0,0,0,2,0,0
0,59,1,2079.48,0,0,2,1,0,0,0,0,0,1,0,0
1,67,0,1689.67,2,1,0,0,0,0,1,0,0,0,0,1
0,73,1,1347.61,1,1,0,1,0,1,1,1,0,0,1,1
0,72,1,1499.3,1,0,0,2,0,0,1,1,1,1,0,1
0,70,1,1379.41,1,0,0,0,0,0,0,0,0,1,0,0
1,45,0,2703.65,3,1,0,1,0,1,0,0,0,1,0,0
1,70,1,2428.12,1,1,0,0,1,0,0,0,0,0,0,0
1,56,1,1548.75,6,1,0,1,0,0,0,0,1,1,0,0
0,50,1,1799.43,3,0,0,0,0,0,0,1,1,0,1,0
0,69,0,1827.23,2,0,0,0,0,1,0,1,0,0,0,0
0,78,1,2016.67,0,0,2,1,2,1,0,0,0,0,0,0
0,56,0,2277.91,3,1,0,1,0,0,0,2,0,0,0,0
1,69,0,2379.06,1,0,1,1,0,1,0,1,0,0,0,1
0,61,1,2261.69,3,0,0,0,0,0,1,0,0,0,0,0
0,90,1,2253.16,1,0,0,0,0,0,0,1,0,2,0,1
1,63,1,2124.6,1,1,2,0,0,0,1,1,0,0,0,0
0,76,0,1106.81,1,0,1,1,0,1,2,1,1,0,1,2
0,68,0,2093.93,5,0,0,0,1,0,0,0,1,0,0,1
0,65,0,2223.46,3,1,0,0,0,1,0,2,0,0,2,0
1,82,1,1992.45,1,0,0,0,0,1,1,1,0,0,0,2
1,60,1,2299.41,3,0,0,0,0,1,0,1,0,2,0,0
0,85,1,2763.65,2,0,0,1,1,0,1,0,2,0,0,1
0,68,0,959.95,1,0,2,0,1,0,0,1,0,2,0,0
1,71,0,2550.82,3,0,0,2,0,1,0,0,0,0,1,1
0,64,0,2456.56,3,0,2,0,0,0,1,1,0,0,0,0
1,46,1,2197.32,3,1,2,0,0,1,0,0,1,2,0,2
0,56,1,1681.58,1,1,0,1,0,0,1,1,0,0,0,1
0,88,0,2519.12,2,0,0,0,1,1,0,0,0,1,1,2
1,56,0,2768.38,1,1,0,0,0,0,0,0,0,1,0,0
0,77,0,2365.79,2,0,0,0,0,0,1,0,0,0,0,0
0,74,0,1952.35,1,1,0,0,1,0,0,1,0,0,1,0
0,77,0,2515.8,3,0,0,0,1,0,0,1,2,0,0,0
1,78,0,1875.65,1,1,0,1,2,0,0,1,0,0,0,0
0,73,1,1156.81,3,0,0,0,0,0,0,0,0,0,0,0
0,73,1,1902.28,5,0,0,1,1,1,0,0,1,1,0,1
0,66,1,1926.51,3,0,0,1,0,0,0,1,0,0,0,0
0,80,0,2123.21,4,1,1,0,0,0,0,0,2,1,0,0
0,73,1,1910.39,0,0,0,0,0,0,1,0,0,0,0,1
1,82,1,2804.48,2,0,0,0,0,0,0,0,0,2,1,0
0,60,1,2028.04,1,1,1,2,0,0,0,2,0,0,0,0
1,78,1,2362.99,2,0,0,0,1,0,0,0,1,0,0,0
0,48,0,2066.81,6,0,0,0,0,0,0,0,1,1,0,0
1,57,1,1608.34,1,0,0,0,0,0,1,0,0,2,1,0
0,83,0,1726.45,4,1,2,0,0,0,2,1,2,0,0,1
1,65,1,1720.83,2,0,0,0,0,0,0,0,0,0,0,1
1,62,1,2203.32,2,0,0,0,1,0,0,0,2,0,1,0
1,69,0,1978.18,2,0,2,0,1,0,2,0,1,0,1,0
0,59,1,1188.02,0,0,0,1,2,1,0,0,0,1,0,1
0,62,1,2074.27,5,0,0,0,0,0,0,0,1,1,0,0
1,66,1,2131.41,3,0,0,0,0,0,2,0,1,0,0,1
0,81,0,1519.27,5,0,2,1,0,1,0,0,0,1,1,0
0,70,0,2176.86,1,0,0,1,0,0,0,0,1,0,0,1
0,52,0,3048.77,5,1,1,0,0,0,1,0,0,0,0,0
1,72,0,2070.53,2,0,0,0,1,0,0,0,0,2,0,0
0,51,1,2165.32,0,1,0,0,0,0,0,1,0,0,2,0
0,81,1,1633.36,2,1,0,0,0,0,0,0,1,0,0,0
0,83,0,2378.14,2,0,0,0,2,0,0,0,0,0,0,0
1,75,0,2077.11,2,0,1,1,0,0,2,0,0,1,1,1
0,77,1,1672.32,2,0,0,0,2,1,1,0,0,0,1,0
1,70,0,1779.73,2,0,1,0,0,1,0,0,0,0,1,1
1,58,1,2611.74,4,1,2,0,0,0,2,0,0,1,0,0
0,65,0,1868.95,4,0,0,0,0,0,1,2,0,0,0,0
0,78,0,1703.79,2,0,1,0,0,1,0,0,0,1,1,0
1,63,1,2661.59,1,1,0,0,1,0,2,1,1,0,0,0
1,79,0,1741.16,2,1,0,0,0,0,0,1,0,0,0,1
0,75,1,2994.98,2,0,0,0,0,0,2,0,0,0,0,0
1,69,0,2103.08,1,1,1,1,0,0,0,1,0,1,0,0
0,54,1,1526.78,0,0,0,0,0,1,0,1,0,1,0,0
0,68,0,2879.46,2,0,0,0,2,0,0,0,0,0,0,0
0,68,1,1968.13,7,0,0,1,1,0,1,0,0,0,0,0
0,53,0,1090.88,3,0,0,1,0,1,1,1,0,0,0,0
1,64,1,1384.82,2,0,0,0,0,0,0,0,0,0,0,1
1,74,1,2043.0,1,0,0,1,0,0,0,0,0,0,0,1
1,75,0,3253.1,1,1,1,0,0,1,0,0,0,1,0,0
1,95,0,2780.88,2,0,2,0,0,0,1,0,0,2,1,1
1,67,1,2176.25,0,0,0,0,1,0,1,0,1,0,0,0
1,65,1,926.85,5,0,0,0,0,1,2,0,1,0,1,0
1,66,0,660.98,3,0,1,1,0,0,0,0,0,1,0,0
0,71,0,1990.69,4,0,0,0,1,1,1,0,0,0,1,1
1,57,1,2234.75,0,1,0,0,1,0,0,1,0,1,0,0
1,65,0,2538.15,1,0,0,0,0,0,1,1,0,1,1,1
0,79,1,973.08,3,1,0,1,1,0,1,0,0,0,1,0
1,64,1,1128.09,1,0,0,0,0,1,0,1,0,1,0,0
1,60,1,2784.8,1,1,0,2,0,1,0,0,1,0,0,1
0,70,1,2281.05,4,1,0,1,2,0,0,0,0,2,0,1
0,73,0,2105.28,3,0,0,0,0,0,0,1,0,1,0,0
0,70,1,1020.92,3,0,0,1,1,1,0,0,0,0,0,0
0,62,1,1586.49,4,1,0,1,0,2,0,1,0,0,0,1
1,67,1,1349.06,2,0,2,0,0,1,1,0,0,0,0,0
0,63,1,2053.43,0,0,0,0,1,0,0,0,0,1,1,0
1,61,1,2347.92,1,0,0,1,0,1,0,0,0,1,0,0
0,82,0,1685.44,4,1,2,0,0,0,0,0,0,0,0,0
0,69,0,1809.87,2,1,0,0,1,0,1,1,0,0,0,0
0,53,1,2069.09,1,0,1,0,0,0,0,0,0,0,0,0
1,66,1,2532.77,2,0,0,1,0,1,0,0,2,0,0,0
1,71,0,1995.62,3,0,0,0,0,0,1,0,0,0,1,0
1,77,0,1592.98,2,0,0,0,0,1,0,0,0,1,1,0
0,79,1,2519.4,3,1,0,0,0,0,0,2,0,0,0,1
0,58,1,2269.66,2,0,0,0,1,1,0,0,1,0,0,1
1,66,0,2917.7,2,0,0,0,0,0,0,1,1,0,0,0
1,71,0,1909.96,2,0,0,0,0,0,0,0,0,0,1,1
1,64,1,1845.98,1,0,1,0,1,0,2,0,0,0,1,1
1,80,0,1772.46,0,0,0,1,0,0,0,0,0,0,0,0
1,87,0,1201.75,1,0,0,1,0,1,2,1,0,0,2,0
1,79,1,2543.3,1,0,2,1,1,0,0,0,0,0,0,0
1,54,1,2544.58,6,0,0,0,0,0,0,1,1,0,0,0
1,79,0,1307.79,2,1,0,0,1,0,0,0,0,0,1,0
1,52,1,2187.71,4,0,0,0,1,1,1,0,1,0,1,0
0,76,0,3035.56,3,0,0,0,0,0,1,0,0,0,0,0
0,76,0,1721.18,3,0,0,0,0,0,0,0,0,1,1,0
1,61,1,1111.57,2,0,0,1,0,0,0,2,0,0,0,1
0,64,0,2269.62,2,0,0,0,0,1,0,0,0,0,0,0
0,67,0,1640.31,5,1,0,1,0,1,1,0,0,0,0,0
1,67,1,1489.5,4,0,0,0,0,0,0,0,1,2,0,1
1,66,1,1384.18,1,0,0,0,0,0,0,0,0,0,1,0
1,66,1,1546.47,4,0,0,0,2,2,1,1,1,1,0,2
0,66,1,2286.35,2,0,1,1,0,0,0,0,0,0,0,1
1,56,1,2275.01,0,0,0,0,1,0,0,0,1,0,0,0
0,74,1,2544.63,3,0,2,1,0,1,1,1,0,1,0,0
0,80,0,2034.47,3,1,0,0,1,0,1,0,0,2,0,2
1,57,0,2448.77,4,1,0,0,0,0,0,1,1,0,1,0
0,72,0,1781.93,1,0,0,0,0,0,0,0,0,1,0,1
1,75,0,2574.98,4,0,0,0,0,0,0,0,0,2,1,1
1,79,0,2090.53,2,1,1,1,0,1,1,0,0,0,1,1
1,66,1,2525.04,3,1,0,0,1,0,1,1,0,1,1,0
0,63,0,2088.51,1,0,0,1,0,0,0,0,1,0,0,0
1,76,1,2002.6,4,1,0,0,0,0,1,1,0,0,0,0
0,79,0,2874.38,0,0,1,1,0,0,1,0,0,0,0,0
0,72,1,2646.1,2,0,0,0,0,0,0,0,0,1,0,0
0,67,0,2094.91,4,0,0,2,0,0,0,1,1,0,1,1
0,66,1,1287.96,3,0,0,0,0,0,1,1,0,1,0,0
0,64,0,980.36,0,0,0,0,0,0,0,0,1,0,1,0
1,66,0,2560.42,4,1,0,1,1,1,0,0,0,0,1,1
0,102,0,1944.44,1,1,0,0,0,0,0,0,0,0,0,1
0,76,1,2446.19,0,0,0,0,0,0,0,0,0,0,0,0
0,71,0,2635.89,2,1,0,1,0,0,0,0,0,0,0,1
0,99,1,2458.47,3,0,1,0,1,1,1,0,1,0,0,0
0,74,1,1594.46,3,0,0,1,1,0,1,0,0,1,0,1
1,63,0,1888.17,1,0,1,0,1,0,0,0,0,0,0,0
0,60,0,2049.43,3,1,0,2,0,2,0,0,0,0,0,0
1,72,1,2545.68,1,0,0,1,1,0,0,0,0,0,0,0
1,71,1,2672.09,2,1,0,0,0,0,1,0,1,0,0,0
1,62,1,2220.27,4,1,0,0,0,0,0,0,1,1,0,1
0,58,1,1482.96,3,0,0,1,1,0,2,0,2,0,0,0
1,72,0,2328.81,3,0,1,0,0,0,0,0,0,1,0,0
0,79,0,2532.88,0,1,0,0,1,0,0,0,0,1,0,2
0,72,1,1918.85,0,0,0,2,0,1,0,1,0,0,0,0
1,48,0,2246.02,4,1,0,0,0,0,0,0,1,0,0,2
0,67,1,2184.22,2,0,1,1,1,0,0,2,0,0,1,1
1,66,1,1849.09,3,0,0,1,0,0,0,1,0,0,1,2
0,75,0,2253.04,1,0,0,0,0,2,0,0,0,0,0,0
0,61,0,2253.73,2,0,0,0,0,0,1,0,0,2,0,0
1,72,1,1870.4,0,0,1,1,0,0,1,0,0,0,0,0
1,65,1,1565.35,3,1,1,1,0,2,0,0,0,0,1,2
1,67,1,1732.69,2,1,0,1,0,0,0,1,0,0,0,0
1,81,1,2502.22,2,0,0,0,2,0,1,0,0,0,0,0
1,83,1,2639.42,1,0,0,0,1,0,2,0,0,0,1,0
0,75,1,1976.61,2,1,0,0,1,0,2,0,0,0,0,0
1,81,0,2988.57,2,1,1,0,0,0,0,0,1,0,0,0
1,66,1,1798.63,1,0,0,0,0,0,0,0,0,0,0,0
1,81,0,2407.06,4,0,1,0,0,0,0,0,1,0,0,0
0,63,1,1680.73,3,1,1,0,0,0,0,0,1,1,0,0
1,68,0,1965.35,3,0,0,1,0,0,1,0,0,1,0,0
0,65,1,1103.73,1,0,0,0,1,1,0,1,0,0,1,0
0,61,0,1904.71,0,0,0,0,2,0,0,0,0,1,1,0
1,77,0,2021.28,1,1,0,0,0,0,0,0,0,1,0,1
1,58,0,1916.71,0,0,1,0,0,0,0,0,0,0,0,0
0,81,0,580.78,2,1,0,0,0,0,1,2,1,1,0,0
1,64,0,2680.63,1,0,0,0,1,1,0,0,0,0,0,0
1,63,0,1943.54,2,0,1,0,0,0,0,0,0,2,0,0
0,77,0,1856.81,1,0,1,0,2,0,0,0,1,1,0,1
1,68,1,2283.11,1,0,0,0,1,0,0,0,0,0,1,1
0,70,0,1715.58,1,0,0,0,1,0,1,0,0,0,0,1
1,64,0,3371.06,1,0,1,0,0,0,1,1,1,0,0,0
0,64,0,1467.88,2,0,0,1,0,0,1,0,1,0,0,1
0,67,0,2168.87,2,0,0,0,0,0,0,0,0,0,0,0
1,51,0,1323.05,1,0,1,0,0,1,1,0,0,0,0,0
0,81,0,1711.54,2,0,0,0,1,1,0,1,0,0,1,0
0,75,0,1572.81,1,0,0,0,0,0,0,0,0,0,0,0
0,79,0,1875.14,2,1,1,1,0,0,0,1,1,0,0,0
0,78,0,1906.3,1,0,0,1,0,0,0,0,1,0,2,0
0,75,0,1888.36,8,1,0,0,0,1,0,0,1,0,0,1
0,80,0,2302.85,2,0,0,0,0,1,0,0,0,2,0,1
0,75,0,2065.91,2,0,0,2,0,0,0,0,0,0,0,0
1,65,0,2248.21,1,1,0,0,0,1,0,1,0,2,0,0
0,74,0,1301.73,2,0,0,0,0,1,2,1,1,1,0,0
0,55,0,2665.23,1,0,0,1,1,0,0,1,0,0,1,0
0,65,0,2034.06,3,1,1,0,1,0,0,0,0,0,0,0
0,67,0,2086.66,4,1,1,0,1,0,1,1,0,0,0,0
0,77,1,2076.28,2,0,1,0,0,0,0,0,0,0,0,1
1,64,0,1852.68,1,1,0,0,0,0,0,0,0,0,0,0
0,63,1,1232.79,4,0,0,0,0,0,0,0,0,1,2,1
1,87,1,2199.02,3,0,0,0,2,0,0,0,1,0,0,0
0,63,1,1710.15,1,0,0,0,0,0,0,1,0,0,1,0
0,69,0,2127.91,2,0,1,2,0,0,0,0,0,0,0,0
1,67,0,1759.25,0,1,1,0,1,1,0,0,1,0,0,1
0,85,1,3325.33,3,0,0,2,0,2,2,1,1,0,1,0
0,86,1,2772.43,1,0,0,0,0,0,0,0,0,0,0,1
1,63,0,2592.19,4,0,1,0,0,0,1,0,0,1,0,1
1,72,0,2101.26,4,1,2,2,0,0,0,0,1,0,1,0
1,60,0,2690.2,1,0,1,0,0,0,0,1,2,0,0,1
1,76,0,1844.71,0,1,0,1,1,0,1,1,1,0,0,2
0,71,1,2105.94,1,1,0,0,2,0,0,0,0,0,0,0
0,61,1,1960.49,0,0,0,0,0,1,1,1,0,0,0,0
0,78,1,956.04,2,1,0,2,0,1,0,0,1,0,0,0
0,58,0,1695.12,1,0,0,0,0,1,1,1,1,1,1,0
1,57,1,2015.25,0,0,0,0,0,1,0,0,1,0,1,0
1,71,1,1173.26,3,0,0,0,0,0,0,0,1,0,0,1
1,74,1,1970.27,3,1,0,0,0,1,0,0,1,0,1,0
0,61,0,3270.04,3,0,0,0,0,0,0,0,0,0,0,1
0,87,1,1784.71,5,0,1,1,2,0,0,0,0,1,0,1
1,56,0,1128.95,0,1,0,0,2,0,0,0,0,1,1,0
0,67,1,1586.31,0,1,0,0,1,0,0,0,0,0,0,0
1,63,1,2208.19,1,0,0,0,0,0,1,0,0,0,1,1
1,71,0,2230.29,2,1,0,0,0,0,0,0,0,0,0,1
1,89,1,1865.52,1,0,0,1,0,0,0,0,0,0,0,0
1,72,0,1769.36,3,0,1,0,0,0,0,0,0,0,1,1
0,74,1,2223.34,5,0,0,1,0,0,2,0,0,0,0,0
0,62,1,1815.62,5,0,0,0,1,0,0,0,0,0,2,1
1,62,1,1424.47,3,0,2,0,1,0,0,0,1,0,1,0
0,76,0,1964.68,1,0,0,0,1,0,0,0,0,0,1,1
0,70,1,1830.89,1,0,0,1,0,0,0,1,0,0,0,0
0,68,1,2239.03,3,1,0,2,0,0,1,0,1,0,0,0
0,51,0,2881.68,1,0,0,0,0,0,0,1,0,0,0,1
1,69,1,1823.95,3,1,0,0,0,0,1,0,1,0,0,1
0,54,0,2202.87,3,1,0,0,0,0,0,0,0,0,0,0
1,65,0,2239.52,0,0,1,0,0,0,1,0,0,2,1,0
1,70,1,2090.98,1,0,0,1,1,0,1,0,0,0,1,0
0,73,0,1503.78,4,1,0,0,1,0,1,0,0,2,0,1
1,57,0,2394.92,4,1,0,0,0,0,0,1,0,1,1,1
1,63,0,1379.53,1,0,0,0,1,1,0,0,0,1,0,0
0,92,0,1389.72,2,0,0,0,0,0,0,0,1,0,1,0
0,46,0,2269.26,1,0,0,0,0,0,0,0,1,0,1,0
1,69,0,1696.6,1,0,0,0,1,1,0,0,0,1,1,0
1,63,0,2299.87,2,1,1,0,0,0,0,0,1,1,2,0
0,65,1,2537.23,0,0,0,0,0,0,2,0,0,0,1,0
0,68,1,1875.29,0,1,0,1,0,0,0,1,1,0,0,0
0,47,1,1596.89,0,0,1,0,1,2,0,0,0,0,0,2
0,76,1,2218.78,2,1,0,0,0,1,0,0,0,0,1,0
0,86,1,2434.53,2,0,0,0,0,0,0,1,0,1,0,1
1,75,1,2332.7,1,1,0,0,1,0,1,0,2,0,0,0
1,70,1,2266.98,2,0,0,0,2,1,0,0,0,0,0,0
1,80,1,1917.12,0,0,0,0,0,0,1,1,1,1,0,1
1,68,1,1309.23,3,0,0,0,0,2,0,0,2,0,1,0
1,69,0,2210.28,1,0,0,0,0,1,0,0,1,1,0,2
1,74,0,2063.71,1,0,0,0,0,0,0,0,0,1,1,1
0,74,1,1622.37,1,0,2,0,0,0,0,0,0,1,1,1
0,47,0,1115.21,1,0,0,0,1,0,0,0,0,0,0,0
0,51,1,1975.94,1,0,0,0,0,1,1,0,0,0,0,1
0,76,1,1541.72,6,0,0,0,0,0,0,0,0,1,0,0
1,69,1,2128.94,1,0,0,2,0,0,0,0,0,0,0,0
1,44,1,1936.34,2,1,1,0,1,0,0,1,0,2,0,1
1,65,0,1168.84,3,0,0,0,0,0,0,2,0,0,0,0
1,83,1,2117.02,5,0,1,0,1,0,1,0,0,1,0,0
0,82,1,1191.89,4,1,2,0,0,0,0,2,1,1,1,0
1,71,0,2415.84,0,1,1,0,1,0,0,1,2,0,0,0
0,70,1,1422.69,3,0,0,0,0,0,1,0,1,0,0,1
0,53,1,743.09,1,0,0,0,0,1,1,1,0,0,0,0
0,70,0,1704.79,1,0,1,1,0,0,0,0,0,1,1,0
0,68,0,998.98,0,1,1,0,0,0,0,0,1,0,0,0
0,69,0,2517.08,3,0,0,2,2,1,0,0,1,0,0,1
0,77,1,2224.89,1,0,0,0,0,0,0,0,1,0,1,1
1,75,0,1943.59,0,0,0,1,0,0,0,0,0,0,0,0
1,72,1,1933.22,3,1,0,0,0,0,1,0,0,0,0,1
1,86,0,1675.27,2,0,0,0,2,0,0,1,1,1,0,0
1,71,0,1708.85,2,0,1,0,0,1,0,0,0,0,1,0
0,71,0,2272.34,4,1,1,0,1,0,0,0,0,0,1,0
0,72,1,2050.74,3,0,0,0,0,0,0,0,0,1,0,0
1,55,0,2305.26,0,0,0,0,0,0,0,0,1,1,0,1
1,67,0,2924.42,2,1,0,1,0,0,0,1,1,0,0,0
0,72,0,2245.19,4,0,0,2,0,0,0,0,1,0,0,1
0,67,0,1645.48,2,0,0,0,0,0,0,0,1,0,0,0
1,66,1,1715.2,1,0,0,0,0,1,0,1,0,0,2,1
1,58,1,2540.5,3,1,0,1,0,1,2,1,0,1,0,0
0,73,0,2161.59,3,1,0,0,0,0,0,0,2,0,0,0
0,62,1,1666.61,4,0,0,0,0,0,0,0,0,0,0,0
0,66,1,3074.8,3,1,1,0,0,0,1,1,0,1,0,2
0,75,0,2298.8,4,0,0,1,1,0,1,0,1,1,0,1
0,91,0,1360.04,6,0,0,0,1,0,2,1,0,2,0,0
1,62,1,1603.56,0,0,2,0,0,0,0,0,0,0,0,0
0,59,1,1149.18,2,0,0,1,0,0,0,1,0,0,0,0
1,72,0,2431.7,1,0,1,0,0,0,0,0,0,0,0,2
1,78,1,2235.46,5,0,0,1,1,0,0,0,0,0,0,0
1,66,1,2278.37,1,0,0,2,0,1,1,0,1,0,0,0
1,64,1,1724.92,1,0,0,0,0,1,0,0,0,1,0,1
1,68,1,2335.38,6,1,0,0,0,0,0,0,0,0,1,1
0,69,1,1775.74,2,0,0,0,0,0,0,1,0,1,0,0
1,87,1,1741.28,1,0,0,0,1,0,0,0,1,0,0,0
1,60,0,2221.25,1,0,0,0,0,0,1,0,0,0,0,1
0,57,1,2096.64,2,0,0,0,2,0,0,0,0,1,1,0
0,80,1,1903.61,5,0,1,0,1,1,0,2,0,0,0,0
1,54,1,1740.53,2,0,0,0,0,0,0,0,0,0,0,0
0,78,1,1944.92,0,0,0,0,0,0,0,1,0,0,0,0
0,67,0,1828.99,3,0,0,1,1,0,0,0,0,1,0,0
1,66,1,2303.21,0,0,0,1,0,1,0,0,1,0,0,0
1,87,0,1966.96,4,0,1,1,1,0,1,0,1,0,1,0
0,68,1,1812.22,4,1,0,1,1,0,0,0,0,0,1,0
1,58,0,2441.33,2,0,0,0,0,0,0,0,0,0,0,0
0,41,1,2009.0,3,1,0,0,0,0,0,1,1,0,0,1
0,68,1,1155.07,4,1,0,0,1,0,0,1,2,1,2,0
1,63,0,1711.03,7,0,1,0,0,0,1,0,0,1,0,0
0,64,1,1905.63,1,0,0,0,0,1,0,0,2,0,1,0
1,55,1,2938.87,4,0,0,1,1,0,0,0,1,0,0,1
1,69,0,1596.57,2,0,1,0,1,0,0,0,0,0,0,0
0,67,1,2485.98,3,0,0,0,0,0,0,1,0,1,0,0
1,57,1,2442.63,0,0,0,0,0,0,1,1,0,0,0,1
0,77,0,2610.43,2,0,1,0,0,1,0,0,1,0,2,2
1,67,1,1731.38,2,0,1,1,1,0,0,1,1,0,0,0
0,85,1,1997.13,1,0,0,0,1,0,0,0,0,1,0,0
0,71,1,1252.24,2,0,1,1,0,0,1,1,0,0,0,0
0,74,1,2538.31,3,0,0,0,0,1,1,0,0,0,1,0
1,72,1,2543.4,2,0,1,0,0,1,0,0,0,0,0,0
1,77,1,1942.31,1,1,0,0,0,0,0,0,0,0,1,0
1,68,0,2209.67,1,1,2,0,1,0,1,1,0,0,1,0
0,63,1,1974.51,3,1,1,0,1,0,1,1,0,0,0,0
1,84,1,2037.11,1,0,0,1,0,1,0,0,0,1,0,0
1,65,1,2174.55,2,0,1,0,1,0,0,0,0,1,0,0
0,61,0,2870.81,0,0,0,0,0,0,0,1,1,0,0,0
1,86,1,1976.23,2,0,1,0,2,0,1,0,2,0,0,0
1,66,0,1822.03,2,0,0,0,1,1,1,1,1,0,1,1
1,75,1,3521.81,0,0,0,1,0,0,1,1,0,0,0,0
0,88,1,2088.01,0,0,0,1,0,0,0,0,0,1,1,0
0,62,0,2148.85,0,0,1,1,1,1,0,0,1,0,0,2
0,63,0,1907.34,0,0,0,0,0,0,0,0,0,0,1,1
0,48,0,1670.71,1,0,0,0,0,0,1,0,1,2,0,2
1,74,1,2125.83,2,0,0,1,1,0,0,1,0,0,0,0
0,68,1,1712.5,4,1,0,0,0,0,0,1,0,0,1,1
1,71,0,1133.74,0,0,0,0,0,1,0,0,0,1,0,0
1,68,0,2236.83,1,0,0,0,0,0,0,0,0,0,0,1
1,66,1,1822.52,1,0,0,0,0,0,0,1,0,0,0,2
0,57,1,2619.4,1,0,0,1,0,1,0,0,0,0,0,0
0,68,1,991.0,1,1,0,0,1,1,0,0,0,0,0,0
1,76,0,1376.13,5,1,0,2,1,0,1,0,0,1,0,1
0,71,1,1423.04,5,0,0,1,0,0,1,0,1,0,0,0
0,65,0,2158.04,1,0,0,0,1,1,0,0,0,1,0,0
0,79,1,1305.37,5,0,0,0,0,1,0,0,1,2,0,2
1,82,1,1844.69,2,0,0,0,0,0,0,0,1,0,1,0
0,86,1,2415.62,1,0,1,1,0,0,0,0,0,1,0,0
0,61,1,2207.74,2,0,1,1,0,1,1,0,1,0,0,0
0,73,0,2501.35,2,0,0,0,1,0,0,1,0,0,0,0
1,66,1,2865.98,4,0,0,0,0,0,0,1,0,1,0,1
1,68,1,943.06,4,1,0,1,0,0,0,1,0,1,1,0
1,62,1,2629.23,4,0,1,0,0,0,0,0,0,0,0,0
1,71,0,2254.77,2,0,1,0,1,0,0,1,0,0,0,0
0,70,1,2147.25,3,0,2,1,0,0,0,0,0,1,0,0
1,76,0,3131.65,1,0,0,0,1,0,0,1,0,1,0,0
1,43,1,292.67,3,0,0,0,0,2,0,0,0,0,0,0
0,60,0,2358.45,1,0,0,0,0,0,0,1,1,0,1,0
1,74,1,3275.37,2,0,0,0,1,0,0,0,0,0,0,1
1,75,0,2968.44,2,0,0,2,0,2,0,0,1,0,0,0
0,55,1,2782.53,1,0,0,1,0,1,0,0,0,0,1,1
1,51,0,1864.98,2,0,0,0,0,0,0,0,0,1,0,1
0,75,0,2503.11,1,1,1,0,1,1,0,0,1,0,1,0
1,44,1,1787.1,1,0,0,1,0,0,1,1,0,0,0,1
0,52,0,1312.5,3,1,1,1,0,0,0,1,0,0,1,1
1,79,1,2500.53,0,0,0,1,1,0,0,0,0,1,0,1
1,62,1,1889.51,0,0,0,1,0,0,1,1,0,0,0,0
1,54,1,2533.57,0,0,0,0,0,0,2,0,1,0,0,0
1,62,1,1456.65,0,1,0,0,0,0,0,0,1,1,0,0
1,55,1,2850.45,2,0,0,0,0,0,1,0,0,2,0,0
1,82,0,2851.44,3,0,1,0,0,0,0,2,1,0,0,0
1,74,0,1730.06,4,1,0,0,0,0,0,0,0,0,1,0
0,72,0,2433.65,1,0,0,0,1,0,1,0,0,1,0,0
1,52,0,2237.86,3,0,0,0,0,1,0,1,0,1,0,2
1,67,1,1396.43,4,0,0,1,0,1,2,0,0,0,0,0
0,78,0,1498.5,2,0,0,1,1,0,1,1,0,0,0,0
0,68,1,1913.77,3,1,0,0,0,1,0,0,0,0,2,1
0,67,1,1922.2,1,0,1,0,0,2,0,1,0,0,0,0
1,60,1,2434.42,2,0,0,0,0,2,0,0,0,1,0,0
0,64,1,1616.01,2,1,0,1,2,0,0,0,1,0,0,0
1,70,1,2277.05,2,0,0,1,0,0,0,0,0,0,0,1
1,77,1,2546.52,2,0,2,0,0,0,0,0,1,0,1,2
1,72,1,1737.52,2,0,0,0,0,0,0,0,0,0,0,0
0,92,1,1952.81,5,0,0,0,1,0,1,0,0,2,0,0
0,76,0,3306.0,1,0,0,2,0,1,2,0,1,0,0,0
0,68,1,1715.44,2,0,0,0,1,0,1,0,0,0,0,1
1,67,1,2103.01,1,1,0,2,1,0,0,1,0,0,0,0
0,65,0,1444.02,2,0,0,1,1,1,0,0,1,0,1,2
0,51,1,1974.78,2,1,1,0,2,2,0,1,1,1,0,0
1,88,1,1505.23,2,0,0,0,0,0,2,1,0,0,0,0
0,77,1,1758.25,3,1,0,1,0,0,0,0,0,0,1,1
0,62,1,1825.2,5,0,0,1,0,0,0,2,1,1,0,1
1,63,0,2743.8,1,0,1,0,0,0,0,0,0,0,0,0
0,65,0,2232.62,3,0,1,0,1,1,2,0,1,0,0,1
0,64,0,1856.55,1,0,0,0,0,0,0,0,0,1,0,0
0,61,0,2088.08,2,1,0,0,0,0,0,0,0,0,0,0
1,56,1,2234.12,1,0,0,0,0,0,0,0,0,1,0,1
0,65,1,1521.0,1,1,0,0,0,0,0,1,1,0,0,0
0,71,1,1818.86,1,1,1,0,0,0,0,1,0,1,0,0
1,71,0,2174.71,0,0,0,0,0,0,0,1,0,0,0,0
1,67,0,2430.71,3,0,0,0,0,1,0,0,0,1,0,0
0,58,0,1928.41,3,0,1,0,0,0,1,0,0,0,1,0
0,50,1,1360.39,1,1,1,0,1,1,0,0,0,2,0,1
1,70,1,1802.83,2,0,1,0,0,0,0,0,0,0,0,1
1,79,1,1209.02,4,0,0,0,0,0,0,0,0,1,1,1
1,49,0,2637.95,0,1,0,1,0,0,0,1,0,0,0,0
1,56,1,1694.9,4,0,1,1,0,0,0,0,0,0,0,0
1,62,1,2748.99,1,1,0,0,0,0,1,1,0,0,1,0
1,87,1,814.99,2,0,0,0,0,0,1,0,0,0,1,0
1,65,0,2451.24,0,0,0,0,0,0,0,0,0,0,0,0
0,71,1,2332.57,1,1,1,0,1,0,1,0,0,0,0,0
0,75,0,1655.47,4,0,0,0,1,0,0,0,2,0,0,0
1,84,0,1521.47,1,0,0,0,0,0,1,1,0,0,0,1
0,71,0,1924.27,2,1,1,0,1,0,0,0,0,1,0,0
0,77,0,2790.52,2,0,1,0,0,0,0,0,0,2,0,0
0,65,1,2197.02,2,1,0,0,2,1,0,0,0,1,0,0
1,62,0,2003.42,1,0,0,0,1,1,0,1,0,1,0,0
1,55,0,1983.99,2,1,1,2,0,0,1,2,0,1,1,0
0,73,1,2336.39,0,0,0,0,0,2,0,1,0,0,0,0
1,71,1,1726.15,1,0,0,1,2,0,1,0,0,1,1,0
0,62,1,2341.1,3,0,0,1,1,1,0,0,0,0,0,0
0,68,1,1204.03,3,0,1,0,0,0,0,0,0,0,0,0
0,83,1,2636.04,1,0,0,0,0,1,0,0,0,1,1,0
1,64,0,2066.62,5,1,0,0,0,0,0,1,1,0,1,0
1,77,1,1768.46,4,1,0,1,2,0,0,0,0,0,0,0
0,58,0,2502.75,1,1,0,0,0,0,1,1,0,0,0,0
0,64,0,2198.88,4,0,0,0,0,0,1,0,0,1,0,0
0,60,1,2113.26,0,0,0,0,0,0,0,1,0,1,1,0
0,56,1,1675.04,2,0,1,0,1,0,0,1,0,0,0,0
0,71,1,1816.29,0,0,0,0,0,0,1,0,0,0,0,0
0,73,1,2476.9,2,0,1,0,0,0,1,0,0,0,0,0
0,58,1,1362.66,3,0,0,1,0,1,0,0,0,0,0,0
0,66,0,1789.22,2,0,0,0,2,1,2,0,0,0,0,0
0,64,1,1277.42,4,0,1,0,0,0,0,0,2,2,1,1
0,62,0,2085.47,2,1,0,0,1,1,1,0,0,0,1,1
1,63,0,2276.73,1,0,0,0,0,0,1,0,0,1,0,0
1,60,0,1936.82,2,1,0,0,0,0,0,0,1,0,0,0
0,64,0,2233.14,1,0,0,0,1,0,0,1,0,0,0,2
0,66,1,2076.13,0,0,0,0,0,1,0,0,1,0,0,1
0,60,0,2561.31,1,1,0,1,0,0,0,0,1,0,0,2
0,66,1,1624.74,3,1,0,0,0,0,0,0,0,0,0,0
0,88,0,2434.09,5,0,0,1,1,0,0,0,0,0,0,0
0,92,1,1833.98,0,0,1,0,0,0,1,0,0,0,1,0
